{
  "provider:openai": {
    "x": 399,
    "y": 259
  },
  "provider:anthropic": {
    "x": 463.67366430758,
    "y": 254.64545423573992
  },
  "provider:google": {
    "x": 574.5967091102394,
    "y": 260.54235318247356
  },
  "provider:meta": {
    "x": 524.9769590025622,
    "y": 376.5661350351615
  },
  "provider:amazon": {
    "x": 477.6764937360461,
    "y": 424.7196920298903
  },
  "provider:microsoft": {
    "x": 499.36761606203765,
    "y": 477.03192138671875
  },
  "provider:nvidia": {
    "x": 468.54006087377854,
    "y": 516.1933864492134
  },
  "provider:xai": {
    "x": 413.28231898411974,
    "y": 536.1099871241618
  },
  "provider:alibaba": {
    "x": 349.20883091822407,
    "y": 511.81476007338057
  },
  "provider:baidu": {
    "x": 387.2214747707527,
    "y": 391.90169943749476
  },
  "provider:tencent": {
    "x": 277.39745962155615,
    "y": 476.00000000000006
  },
  "provider:deepseek": {
    "x": 297.54781046317265,
    "y": 410.45284632676544
  },
  "provider:cohere": {
    "x": 283.89434837048464,
    "y": 351.0983005625053
  },
  "provider:mistral": {
    "x": 323.68551745226057,
    "y": 307.0869393641142
  },
  "provider:tii": {
    "x": 347.3263356924199,
    "y": 260.64545423574
  },
  "model:gpt-5-thinking": {
    "x": 362.7833942875177,
    "y": 138.14553340740233
  },
  "model:gpt-5.2": {
    "x": 375.48342004817016,
    "y": 156.95452000363377
  },
  "model:gpt-5-mini": {
    "x": 378.23004604087737,
    "y": 177.23877253171318
  },
  "model:claude-opus-4.5": {
    "x": 490.7839641230531,
    "y": 134.36748664046837
  },
  "model:gemini-3-pro": {
    "x": 641.484797949738,
    "y": 189.89735144484214
  },
  "model:gemini-3-flash": {
    "x": 648.7578584068939,
    "y": 210.71230069380414
  },
  "model:gemini-3-deep-think": {
    "x": 651.0448586501664,
    "y": 230.9684191335018
  },
  "model:llama-4-8b": {
    "x": 579.1423520478826,
    "y": 311.0729641630145
  },
  "model:llama-4-17b": {
    "x": 584.0463694731741,
    "y": 321.7252666325595
  },
  "model:llama-4-scout": {
    "x": 588.3176311790061,
    "y": 332.64667946472235
  },
  "model:llama-4-maverick": {
    "x": 591.9414524678133,
    "y": 343.7996545869498
  },
  "model:nova-pro": {
    "x": 569.0381890666467,
    "y": 405.1408299475194
  },
  "model:nova-lite": {
    "x": 582.3848478236547,
    "y": 424.6601177023588
  },
  "model:nova-micro": {
    "x": 569.68825087807,
    "y": 445.9835523841428
  },
  "model:mistral-large-3": {
    "x": 233.41575185798007,
    "y": 289.3216901513312
  },
  "model:ministral-3": {
    "x": 245.01110225916406,
    "y": 273.59413946702983
  },
  "model:o3-pro": {
    "x": 394,
    "y": 141
  },
  "model:o4-mini": {
    "x": 398.7699539591227,
    "y": 163.2387725317132
  },
  "model:o3": {
    "x": 380.5165799518299,
    "y": 124.95452000363377
  },
  "model:deepseek-r1": {
    "x": 206.2833677742738,
    "y": 449.73797743297104
  },
  "model:deepseek-r1-distill": {
    "x": 203.16087840615162,
    "y": 435.4169480639168
  },
  "model:grok-1-5": {
    "x": 439.67894803858184,
    "y": 579.1966322733783
  },
  "model:command-r-plus": {
    "x": 194.80079258589902,
    "y": 342.64625065677956
  },
  "model:command-a": {
    "x": 202.85764795211745,
    "y": 321.0729641630145
  },
  "model:claude-sonnet-4.5": {
    "x": 497.7475535314801,
    "y": 160.82384620915488
  },
  "model:qwen-2-5-72b": {
    "x": 321.44189609413735,
    "y": 628.6053456856544
  },
  "model:phi-4": {
    "x": 600.9729973729628,
    "y": 484.1373311912324
  },
  "model:phi-4-multimodal": {
    "x": 597.2334621045441,
    "y": 506.7579650878906
  },
  "model:nemotron-4": {
    "x": 537.6799825557981,
    "y": 570.677311805467
  },
  "model:llama-3.1-nemotron": {
    "x": 533.9579741138161,
    "y": 594.5111015884304
  },
  "model:falcon-180b": {
    "x": 315.8346410042006,
    "y": 224.13441489959703
  },
  "model:llama-3-1-405b": {
    "x": 594.9053745573154,
    "y": 355.14584781012377
  },
  "model:gemini-1-5-pro": {
    "x": 655.1127285493568,
    "y": 269.95077005553753
  },
  "model:gpt-oss-120b": {
    "x": 414.2166057124823,
    "y": 182.14553340740233
  },
  "model:claude-haiku-4.5": {
    "x": 505.3472980975819,
    "y": 180.29090847147984
  },
  "model:pixtral": {
    "x": 258.08585269269577,
    "y": 259.0731580072811
  },
  "model:hunyuan-2.0": {
    "x": 226.7949192431123,
    "y": 509.00000000000006
  },
  "model:deepseek-v3": {
    "x": 201.09562092634533,
    "y": 420.9056926535308
  },
  "model:deepseek-v3-lite": {
    "x": 200.09868792685367,
    "y": 406.28215181562575
  },
  "model:deepseek-v3.2": {
    "x": 200.17543398022832,
    "y": 391.62486925416016
  },
  "model:phi-3-mini": {
    "x": 590.5286084573555,
    "y": 527.2331571298807
  },
  "model:gemini-2.5-flash-lite": {
    "x": 651.9308057592074,
    "y": 249.84891183101865
  },
  "model:claude-3-opus": {
    "x": 513.5101224562327,
    "y": 200.73930958700157
  },
  "model:claude-3-5-sonnet": {
    "x": 526.1653895133775,
    "y": 214.13441489959698
  },
  "model:llama-3-70b": {
    "x": 597.199207414101,
    "y": 366.64625065677956
  },
  "model:grok-4": {
    "x": 418.8010351320801,
    "y": 594.8664477404232
  },
  "model:grok-4-fast": {
    "x": 400.43900609305456,
    "y": 610.1923286981913
  },
  "model:grok-4-thinking": {
    "x": 380.26998745078464,
    "y": 626.6372670723731
  },
  "model:qwen3-max": {
    "x": 301.0237624616331,
    "y": 609.4272530145976
  },
  "model:qwen3-turbo": {
    "x": 291.9108484128419,
    "y": 591.3646777208919
  },
  "model:qwen3-thinking": {
    "x": 281.28559053563697,
    "y": 569.4563978983783
  },
  "model:magistral-medium-1.2": {
    "x": 272.5152020502621,
    "y": 245.89735144484212
  },
  "model:falcon-3": {
    "x": 325.21603587694665,
    "y": 200.36748664046843
  },
  "evidence:gpt-5-system-card": {
    "x": 349.96937598516934,
    "y": 60.201188878848484
  },
  "evidence:claude-opus-4-5-system-card": {
    "x": 542.6069661494564,
    "y": 94.42505166141069
  },
  "evidence:gemini-3-technical-report": {
    "x": 768.8839458998993,
    "y": 157.55781058056837
  },
  "evidence:llama-4-responsible-use-guide": {
    "x": 751.8610737693643,
    "y": 303.48149586052585
  },
  "evidence:aws-nova-service-card": {
    "x": 678.0712875714503,
    "y": 405.0722069341747
  },
  "evidence:mistral-large-2411-card": {
    "x": 146.70162234939536,
    "y": 239.25196150630117
  },
  "evidence:o3-pro": {
    "x": 369.89664700030534,
    "y": 81.05214222514871
  },
  "evidence:deepseek-r1-paper": {
    "x": 105.05123759009717,
    "y": 457.67594618457997
  },
  "evidence:grok-1-5-blog": {
    "x": 474.39482430149724,
    "y": 642.8903432274128
  },
  "evidence:cohere-safety-framework": {
    "x": 123.68303748205938,
    "y": 324.2949016875158
  },
  "evidence:claude-3-5-sonnet-card": {
    "x": 579.5320887224411,
    "y": 67.55229708119566
  },
  "evidence:qwen2-5-tech-report": {
    "x": 324.5417045160058,
    "y": 675.2774374085637
  },
  "evidence:phi-4-tech-report": {
    "x": 681.1845968475675,
    "y": 524.8455704953726
  },
  "evidence:nemotron-4-tech-report": {
    "x": 585.3462568400857,
    "y": 624.683797042953
  },
  "evidence:falcon-180b-blog": {
    "x": 255.98253522699653,
    "y": 149.1236277869703
  },
  "evidence:llama-3-paper": {
    "x": 752.5744011776085,
    "y": 370.5028179472814
  },
  "evidence:grok-1-blog": {
    "x": 492.40893815353104,
    "y": 676.9248100052979
  },
  "evidence:gemini-1-5-paper": {
    "x": 771.4137235221245,
    "y": 241.9340969009363
  },
  "evidence:gpt-4o-system-card": {
    "x": 371,
    "y": 46
  },
  "evidence:gpt-oss-model-card": {
    "x": 395.1033529996947,
    "y": 69.05214222514871
  },
  "evidence:claude-3-haiku-model-card": {
    "x": 577.1293781176082,
    "y": 113.17508801261073
  },
  "evidence:pixtral-12b-blog": {
    "x": 126.05655235678162,
    "y": 212.26081809234262
  },
  "evidence:hunyuan-technical-report": {
    "x": 193.19237886466846,
    "y": 535.0000000000001
  },